14,21,22,28,31,33,38,40,59,64,70,90,122,125,129,133,138,159,160,166,180,183,423,433,460,468,510,511,551,573,Pass/Fail
0.16442189023586196,0.3174155300056262,-0.011763101934567569,-0.7154141181522314,-0.15190029407954664,-0.22218194163099306,-4.942445771317531,-2.271791670753823,2.28348288143645,-0.9050701572450198,0.7073329300371318,1.2316361186348632,-1.1379328972032883,-1.1052869021855205,0.32183395553369143,-0.8354061437122398,-1.0181443366561913,-0.3216057131153661,0.4476854001624654,-0.6655387838702435,-0.38953612989193154,-0.5295149858510648,-0.8207530304815311,-0.41625025450740855,0.25476208997351885,-0.894606289235536,5.203756940499377,-0.08047441776063474,-0.33456605017080115,-0.6311788750615347,1
1.0032091400214922,4.894109694215358,-4.661165665251737,-0.2587754466344179,-0.3289541085056607,-0.22218194163099306,-4.942445771317531,-2.271791670753823,2.7146235682976925,-1.7548882390384024,-0.1732952108373428,-0.9043749064882829,-0.8455370191472503,-0.870263282109141,0.013753470236517119,-1.646821593297109,-0.36140181327787446,5.090916581211463,4.363129754601617,-0.5664451960945424,-0.8774435036325584,-0.47034735171785436,0.13047439260041083,0.05705893598910333,0.09920683799965982,-0.9239568694247592,0.9109939241314172,-0.8278330065414679,-0.29762715749565477,-0.3016251411698961,1
0.01847885685652571,-0.7761792523622907,0.3677252962620518,-1.40034318394895,-0.294172376936058,0.5628514046689814,0.2754477707312954,-0.29905596050881195,2.4187622970133518,-1.171718369661798,1.7265485168472103,-0.10856431520997757,-1.3808633071671395,-1.0044610591316054,0.013753470236517119,-0.9900399573373718,-0.4763264187026729,1.5806944845765687,0.10049418767505691,-0.46735160831884176,-1.1977262581739505,1.4048450627398232,-0.7986344760569944,-0.8218852404050484,0.3876263862256684,-0.9514999677858463,0.375451724671799,-0.8278330065414679,-0.7224244232598379,-0.27145196933915133,1
0.2505616035292384,7.074569444905851,-7.448842792710197,-2.05635971122074,-0.40776803216869545,0.2187684562233164,3.534952716678635,0.26958837967950994,1.6188183999946373,0.405044874502987,0.010592578505575297,-0.4595463139737951,-0.9664526078170403,-1.2227987122237105,0.4758335006280782,-0.8328574024098888,0.5416417324559549,5.166370946594775,3.5196914164123103,-0.5664451960945424,-0.16204557526440094,-0.5228277348188102,0.010104287659851713,0.8844546310283987,-0.3599832739324842,-0.8911101415048792,1.984491971418371,1.4022021001580927,-0.14063686362628275,0.07808659264817513,1
0.919470159170152,5.0005248788073136,-4.153990582485432,-2.05635971122074,-0.38168173349149365,0.2187684562233164,3.534952716678635,0.26958837967950994,1.6999796028592162,0.24506865366299505,0.1781933141490332,-0.5352843048366593,-0.9708495383141241,-0.736065505086676,0.09075324278371047,1.055546235695,1.674567326986498,5.101543956617563,5.6010209362975605,0.6226778572138689,0.056465089048885725,-0.4385102218034248,-0.747788643037555,3.262413005876787,-0.23212788545932886,-0.9085595440898687,0.15685452007246584,-0.8278330065414679,-0.2791577111580816,-0.7095507499465856,1
-1.2755159294012586,0.2400226684842044,-0.5519759981909316,-0.3713288623735998,-0.14153977829285605,-0.22218194163099306,-4.942445771317531,-2.271791670753823,2.3993261551041614,-1.1334079402866926,0.8439081979283667,-0.43628080523962703,-1.3962525639069312,-2.079108337033723,0.4373336143544815,1.194673934570519,0.8453845338069179,-0.8412843704736657,-0.513907015574912,-0.5664451960945424,-1.470116264372705,-0.4087083422031596,0.7946326598898322,-0.2456094150737335,-0.21974139965645448,-0.9290420169518342,3.2845377363307247,1.1503636954865095,22.401322391381775,-0.2079707506822602,1
-0.9378367871064239,0.9273049278646568,2.8169880639169387,-1.7637324068908744,-0.6266339281625233,0.18441714223134378,-1.2996498057795332,0.26832191121583937,1.351579506845223,0.931797395148093,1.3662527623053742,-1.056410416562095,-1.3962525639069312,-2.079108337033723,0.4373336143544815,1.194673934570519,0.8289737697349004,1.045074764109119,6.595332942740558,0.820865032765271,-1.5389620901152474,-0.7180663899561589,1.3932374433100772,-0.4528508899756831,0.13313766208085942,-0.8746970052894518,0.5808772255051786,1.4862609266075535,-0.29762715749565477,-0.5500639845555071,1
-1.4161558523116178,0.15127324576126958,-0.2582073322928427,-0.15585954373688163,-0.42645396242683287,1.3884225575282034,1.6015357543058493,0.47686705156701314,0.26417625284453733,3.0751695602255062,-2.2797085044592245,0.23718509025957923,-0.7883769226851676,-0.23477645441016792,0.12925312905730715,-0.3013303764404261,-0.3449746302322983,-0.6011056862958012,-0.6393321132797873,-0.8637259594216455,-0.20993832360703912,1.042134381751226,0.7216374193918396,-0.4312984215073233,-1.081288624715105,-0.07647638419355975,1.634345343629484,1.1914365562433542,-0.47308689770260004,0.8833576070920724,1
-0.6083631333075059,0.5655774229275766,-0.2644577294396106,-0.15585954373688163,-0.5182185308232312,11.73264513610159,0.2280958992268582,-0.09937609940333589,2.413884459298165,-1.1621037013719706,-0.06066591517048369,-0.08088023422358433,-0.7806822943152723,1.036197200987778,-0.42602430045321427,1.4661530380805827,0.26252739144318704,-0.8030258190117049,0.009606435715002335,-0.9628195471973463,-0.47933503303437824,-1.0534465667259751,-0.5628184135969334,0.49885968324320484,-0.5887787151025121,-0.8224567328808297,1.1864012597560802,1.4528845423842567,-0.5007910672089597,0.09807142074386328,1
-1.529061940742329,0.14033729793759042,-0.31624673436997275,-0.014364647992769574,-0.4316342203201782,-0.14851383934962853,-0.23128792880126295,0.41987597070181343,2.2283009992664105,-0.7963015750059146,-0.5653854854729664,1.1769024105038954,-0.7883769226851676,-0.23477645441016792,0.12925312905730715,-0.3013303764404261,0.16401355009040547,-0.11118368007458229,-0.6775049691030103,-0.7646323716459444,-0.5182478910627715,1.2629590408380709,2.442377033313859,0.9366117569949481,0.4686062431646811,-0.8628715565169292,-1.019497353143411,-0.8278330065414679,0.11793538509974176,-0.7248332655491705,1
-0.9135428080661122,0.40784740623989624,-0.29749554292966923,-0.3616624080519525,-0.5594755847595149,11.73264513610159,0.2280958992268582,-0.09937609940333589,2.29755769951331,-0.9328129225746982,-0.6353903184826285,0.6118123049206996,-0.7883769226851676,-0.23477645441016792,0.12925312905730715,-0.3013303764404261,-0.2710892492177118,-0.752014417062424,-0.3157717163019931,-0.1700708449917386,0.28096234690500205,1.1988486559418907,1.2159064300439781,-0.17504739556963975,-0.16486972016186865,-0.8951141946758043,-0.15180473282179258,-0.8278330065414679,0.01826283879989454,0.9789712944518344,1
-2.439262022721678,7.1801434027421385,-7.32651359140917,-1.7958863911763538,-0.4358894321611401,-0.1491650490935521,3.325991970288427,-2.270103046135595,-0.005404861939041298,3.6065388158644067,-2.5207695411675943,-1.4794217212415461,-0.5311564886057959,-0.7023385505439933,0.3603338418072881,0.01683495248211413,-0.2300418153207196,4.89962382390166,3.76872385678286,-1.1610067227487482,-0.4553886588630597,1.3357919270806715,0.7757752732748557,0.8844546310283987,-0.23838147664726023,1.3724720776618282,1.302586023197438,-0.8278330065414679,-0.8332411012852768,-0.11431636019462456,1
-1.7351307806550615,1.9279441537313007,-1.3743496799299586,-1.7380034311664894,-0.3326542927151925,0.2006159846114447,3.5278852731705097,0.2792979712343218,1.4377259887843539,0.7619947291836955,0.21429663434829074,-0.2775660048807683,-0.3882562474505894,-0.501041885010296,-0.024746416037079576,0.07921043573180353,0.8700212036318926,7.273779489624443,4.928451571793157,0.028116330559663043,0.4845065273612141,-1.248539846840884,-0.2901761458625986,-0.28822036009971214,0.846047057505015,-0.8217146773746964,-0.6396131248055158,-0.8278330065414679,-0.6854855305846915,-0.3102460474072516,1
0.8446891351920831,0.2168889327033446,-0.1671301167256541,-0.46457831094948876,-0.2878820637798532,-0.1400481126786204,0.017250501234454336,0.47433411463967085,1.6921686160333562,0.2604648295367931,-0.8293284630838232,-1.331729603941506,-0.8620255085113128,-1.0215020466900138,0.5143333869016748,0.34203602835305785,1.2066183710740082,-0.2153319590543642,-0.5030004853397055,-1.3591938983001504,-1.0091485615748126,-0.9665123033066644,-0.33432069554962146,-0.906993821342393,-0.04854085440904988,-0.8985063240686513,0.33578855392545587,0.31235305918378947,0.8290090690963089,-0.04965956341445757,1
1.8286669499796946,0.22656304039352232,-0.024263896228103266,-0.4292118223834602,-0.40443786638011686,-0.14851383934962853,-0.23128792880126295,0.41987597070181343,0.6960905174932106,2.2238266852231643,-2.3090167731473907,0.42381230387216395,-0.38605778220204756,0.06699103360331064,0.4758335006280782,0.04424536792534544,-1.3957889379952988,-0.2822844241127954,0.41133029937844356,0.22630350611106514,-1.6646805545146726,-1.3373639855519184,-0.35668298910088964,-0.11600842037330794,0.8074543282921615,-0.7716609661759358,0.5665880919393564,1.7520690052544021,0.007118707074302597,0.14627012379816945,1
-1.5438604854969733,0.23665776146153386,-0.004619790909690027,-1.9598977583643018,-0.7169184228751082,0.27176064913510517,3.2515482320028144,0.21681886035988093,1.0593390093714938,1.5078303851994286,-1.6561334750122676,0.5655616865882213,-0.38605778220204756,0.06699103360331064,0.4758335006280782,0.04424536792534544,3.111227513381226,-0.4682634937195488,-0.21397743410673192,2.0099880860736823,-0.1949718397499645,0.8836756072912788,1.7799557929655747,-0.906993821342393,-0.2390981125493753,-0.7250041718249006,0.3956241261339304,1.832601146817466,0.2287520631251807,-0.5974789688609629,1
-0.5144120816206366,5.093059821930753,-4.284356008689446,-1.9823852883281339,-0.3672510150743181,-0.1409435260765148,3.5905499389425577,-2.2815012623086344,0.9656716322767892,1.692457429584265,1.2878094234656516,0.14039074979629818,-0.32669922049142347,-0.7023385505439933,0.5143333869016748,0.38057238636760315,1.0588393995580567,4.90493751160471,4.864830145421118,0.42449068166246723,-2.089728696055586,-0.7368197678509598,-0.9189490455003237,0.07794588135740751,-0.35351092020601266,-0.6893859427536672,1.7703896281890101,1.7988591524233315,0.38574235699455267,0.3582660453622319,1
-1.1943210083019273,0.34265233267565504,-0.4475050744520976,-2.7027097841708825,-0.6715911663083396,0.25116614098351964,3.274635214129353,0.2535464458063429,1.7196198833512006,0.20635584830219197,1.5878662562393584,-0.2812485294013749,-0.7048352432405858,-1.0044610591316054,0.4758335006280782,-0.4408701472630322,0.24610841788438992,-0.18344983283606361,-0.6738694590246082,0.5235842694381678,-1.3952838450873328,-0.5795094560682903,-0.5273219749507773,0.09017968283864772,0.9103632438358974,-0.7160490198634923,0.29899717776477597,0.02470168501648277,9.426536339236623,-0.21894281316616743,1
-1.24208483435021,0.30311467515927654,-0.30374594007643707,-0.5707067181275722,-0.5296891018727805,0.5659446509526188,0.4891201461269762,-0.11119647173093283,0.43969245750375924,2.72921092325938,-2.1993583372109615,0.0629259167915221,-0.7048352432405858,-1.0044610591316054,0.4758335006280782,-0.4408701472630322,-1.042781006481166,-0.32798213835902623,-0.175804578283509,-0.8637259594216455,-1.889177812370789,-1.2430155959881513,0.4441388809552837,1.785127733563469,-0.17475929561105777,-0.5663196276525979,-0.2693276184484934,1.619766463500741,0.2102826167876075,0.8335914665400654,1
0.16671512719541914,-1.2216088194883,1.2365304996627826,-1.10129087105799,1.8924514816869764,-0.21591404784572654,0.22338427022145238,-2.2641928599717964,2.6004348915642077,-1.5298118192492258,0.2037616707651936,-0.7173659538347679,-0.3387907793584026,-0.9710891251630561,1.0149133035668325,1.263520473581867,0.5416417324559549,-0.7647672675497442,0.03687276130301871,0.3253970938867662,-1.2755519742307375,-1.3923157440343592,1.6112358670755225,-0.8601254990693553,-0.7518322416732391,-0.8411308534683175,0.39842887493160084,-0.8278330065414679,0.2933951253066869,-0.9031292809126611,1
-2.0464376979149854,-1.518141250861139,0.9963366664512754,-1.6511789911516945,1.6867212396369875,0.1887314067848381,3.7413220671159118,0.2543907581154568,2.565666867673583,-1.4612808355798834,1.390957251907734,-0.681096935175358,0.021757521402426042,-0.33418221516754926,0.4373336143544815,-0.5834623028788676,-0.4763264187026729,-0.3088528626280459,0.4222368296136501,1.81180091052228,-1.2186793355738548,-0.534748486658916,2.499757543174024,-0.863984279035762,-0.055194252995003246,-0.9291778065811092,1.2160382916231005,-0.8278330065414679,0.43191597283848565,0.0016740146352507276,1
0.9511454946740392,-1.1997369238409417,0.9347256088617066,-0.17195100661962323,1.7790408356648153,-0.2450556838863104,-0.07957347482686106,0.4274747814838403,-1.5819563927223177,2.4785306841697614,0.514838075446818,0.9580442813668184,0.008566729911176197,-0.33418221516754926,0.3988337280808848,1.3305050578693423,0.25432611415056755,-0.30035096230316577,-0.17035131316590574,0.42449068166246723,-1.104934058260089,-0.3011308255973231,1.2555063248743488,-0.8919398321350083,-0.2732250685616802,-0.7501504961846525,2.417551890357523,0.5667296245058063,0.2102826167876075,-0.1562453132581267,1
-1.6339058679870961,0.424251327975415,-0.19570336082516424,0.16892174487846537,-0.4323742571620845,0.4487268970463597,1.1956289154892097,-0.12006175097663024,0.0012350140697367966,3.593451007487504,-1.5286604156568173,-0.8108323324528487,-0.9059948134821455,-1.0715599476428377,0.5913331594488683,0.14575242422426718,1.5760452761469381,-0.04741942763798112,-0.2812343705571723,0.3253970938867662,-1.0690144970031106,1.0242532539910674,0.8496498258123232,0.05713507254832908,0.17433291114876315,0.5121764461678144,1.598023287984749,1.619766463500741,0.4965590350199918,-0.3705923910687408,1
-1.489503603189963,-0.7177139928433905,-0.6591256635640947,-0.0819140623242814,-0.6617856781530792,0.4487268970463597,1.1956289154892097,-0.12006175097663024,0.19951804277847474,3.2026168592743653,-1.3967837415236368,-2.292503019801514,-0.810361575170584,-0.937362170620373,0.4758335006280782,1.5826625656382391,1.5760452761469381,1.827249593998093,1.9891416734049914,0.820865032765271,-1.3593642838303546,0.8678297298452837,1.010668829419819,2.4573530901416505,-0.4046938106886582,-0.33497805690849114,0.5475778174690883,-0.8278330065414679,0.044057599749448985,-0.6903496405997481,1
1.5117344358033566,-0.04641504182062309,-0.44929090220831697,-1.9727477754864924,-0.506562950563205,0.13663462727094516,3.320102434031628,-2.297121040027245,0.2582132573997608,3.086923174544569,-0.5271646375934994,-0.48565594365297854,-1.3127108844623485,-0.7694374390552253,1.091913076114026,0.2904202014994998,0.16401355009040547,-0.2217083842980243,0.020512965950208885,1.4154265594194768,-0.7307719618332285,1.300015134058108,0.5791796130807604,-0.2856545580538041,-0.7753228121909926,-0.3497869605165239,0.32112787495117767,0.3403395234241196,0.2749256789691137,-0.5755348438931487,1
-1.6415022154156302,0.43771095606609706,-0.4207176581088068,-1.683332975437174,-0.8035027333781612,0.13663462727094516,3.320102434031628,-2.297121040027245,2.6691006643345974,-1.6651583942278323,1.5130680147993818,-0.5613682820586643,-0.810361575170584,-0.937362170620373,0.4758335006280782,1.5826625656382391,0.16401355009040547,-0.4831418192880891,0.06413908689103508,0.5235842694381678,1.268750281471914,1.723943236996323,0.2266186795270965,-0.3969164949473099,-0.2993860507567891,-0.8934438081464554,0.6478168576663186,-0.8278330065414679,0.6166104362142174,0.06554709266656708,1
-1.546762863523913,6.99170860947259,-7.484559347834585,-2.3940199584382795,-0.3452349190276021,0.2187684562233164,3.534952716678635,0.26958837967950994,1.109546356602918,1.4088670704012711,0.8604796956445709,-0.7465993416406425,-0.447614809161214,-0.7023385505439933,0.6683329319960616,-0.01007181947022151,0.16401355009040547,5.375730242094948,3.446981214844267,0.42449068166246723,-0.47933503303437824,-0.3777434624233715,1.376345396235961,0.8844546310283987,1.4204646789614641,-0.7858065896717414,0.5633503390942367,-0.8278330065414679,0.2656909558003271,0.34415910788292275,1
-1.3937251283009462,0.49028762829532385,-0.32517587315106966,-1.5836585183001866,-0.7026727136684097,0.17766084113813566,3.2433028812433626,0.17333677644050716,1.0460592573539378,1.5340060019532318,0.8018631582682382,0.2556492717616917,-0.9059948134821455,-1.0715599476428377,0.5913331594488683,0.14575242422426718,0.16401355009040547,-0.6266113872704417,-0.2594213100867592,0.5235842694381678,-0.41647580083466545,-0.20547406083159342,-0.6325432303691613,0.3339080362321462,0.984885834120062,-0.7046849076519675,1.9287825087459125,1.7776760968599172,0.01826283879989454,0.15567474878437562,1
-1.028419647008943,-2.5469615730426485,1.046339843625418,-1.873073318349507,1.6913464698989034,0.13191335662749806,3.1335219254171225,-2.2907886977088894,2.061380103356416,-0.46728508480600467,-0.8065413368535844,-1.0006602615636553,-0.9059948134821455,-1.0715599476428377,0.5913331594488683,0.14575242422426718,-0.24646078887951672,0.8463428440150452,0.016877455871806703,1.9108944982979816,-0.6858725102620057,-1.4840473831942007,1.3724609967352648,-0.87524174111046,2.172736244251271,-0.8317618042715232,3.2590407818722182,-0.07595614913893683,0.08099649242459538,-0.6488125469106711,1
1.8385565343677868,-1.4722943926772531,1.4963684381927032,0.3972410806373721,1.7488843343571292,0.38083828124231867,0.8768872132727616,-0.1293491863768849,2.4665307253871824,-1.265874350315042,-0.570842596609005,-2.019367847068128,-0.9818418645568321,-1.038188013674288,0.4758335006280782,1.5699341210504643,4.465792831981969,-0.45338516815100854,0.4313256048096556,1.1181457960923737,-1.239632412973759,0.7726090901468745,-0.2640806327753159,-0.8883466344016655,2.2228404091128384,-0.8801825581336195,0.3018550044779404,-0.8278330065414679,0.2195173399563941,-0.28869378181386257,1
-0.46345922292546954,0.20973850528016977,0.1257456352943251,-2.3232580398262206,-0.506377941352728,0.23366487911557013,-1.1653683791251495,0.41016637914700216,-0.19479174609232894,-0.25569884937942716,0.9601720560314034,-1.2494134087139448,-1.4127410532709932,-0.7694374390552253,1.091913076114026,1.1775347939565206,-0.7308287183508044,0.09923835296620157,-0.4993649752613033,-1.4582874860758512,-0.12911931077883737,-1.527369139881416,-0.3945458569901231,-0.4978462528917672,-0.031371766901533205,3.1799073369186877,0.1918943250218516,-0.8278330065414679,-0.7685980391037708,0.9005994195667835,1
1.0262490050995456,0.3535882804993342,0.23825278393614638,-1.914864815476628,-0.3128583071941955,0.23211825597375213,-1.271851194647555,-2.27643538845395,-1.5466941385786126,2.4090255270613605,0.8623970590167039,-1.0914854530316025,0.1305815512052379,-0.3519332438742241,0.2448341829864981,-0.009736057142963517,0.2953735480475598,0.3532326251719962,0.025966231067812158,0.3253970938867662,-1.2216726323452696,-0.5878103698496328,-0.4975055835490864,0.11566661997052695,0.7053752016877164,-0.6051672126508167,-0.15082418817240772,-0.8278330065414679,0.01826283879989454,-0.5716162501488962,1
-1.077616746156949,0.22025383972601512,0.04806212789878184,-0.6896851424278484,-0.313968362457055,-0.2691504444114861,0.22149961861929005,0.3709058567731979,0.6287892499867606,2.356483694402634,-1.5414920013010274,-1.9251649127489785,-1.0719789397470392,-0.5542949711303221,1.7846668437135638,0.26046104475393494,0.5990999304249646,-0.5787881979429909,-0.5720751768293469,-0.9628195471973463,-0.15306568495015593,0.5878374366252291,-0.39159630502613124,-0.906993821342393,-0.8870124034195923,-0.24100292898687653,2.179807526137438,-0.8278330065414679,0.19181317045003432,-0.5516314220532081,1
0.8487739635262949,-1.2426394883799907,1.3329651984986295,-0.7957846081259301,1.7971717382915233,-0.2691504444114861,0.22149961861929005,0.3709058567731979,0.6881828334439214,2.2394134602480826,-1.2872201202594553,0.20977963051597093,-0.9818418645568321,-1.038188013674288,0.4758335006280782,1.5699341210504643,0.5990999304249646,-0.3800562778489172,0.24227908073274207,0.028116330559663043,0.31388861139056556,0.4013212828342994,0.5271922170627046,-0.8619039595204464,0.6909595047514843,-0.437764277921995,2.0950588565408887,-0.8278330065414679,0.01826283879989454,-0.10373615708514278,1
-0.5875090097065302,1.1199458549125436,0.03466841972713645,-0.5481902466837363,-0.5097081071413073,0.24107238995270186,0.26154846516532315,-2.1877825959969734,-0.428820515061916,0.20559345169771254,-0.7781917498514784,-0.08194671608178095,0.08771147885867528,-0.33418221516754926,0.4758335006280782,-0.2165198649604739,0.7632896660129335,2.313983387597482,-0.32304273645879744,-0.8637259594216455,0.8556753270166603,0.8707372302940906,-0.5795932190657861,-0.906993821342393,0.9923086733588125,0.9709147248363251,9.651778446835605,0.5489416953572744,0.33033401798183326,-0.8063400154296234,1
0.7760711855428252,0.7653687773986383,1.203492686172724,-1.1366573596240146,-0.495277388724131,-0.2691504444114861,0.22149961861929005,0.3709058567731979,0.7130877405448075,2.1903235899929725,-1.3087641207868776,-0.21556833362893257,-1.4127410532709932,-0.7694374390552253,1.091913076114026,1.1775347939565206,0.2296894443255928,0.1672535555652428,0.5331198870049167,-1.1610067227487482,0.17320366313406638,1.0309405050233218,-0.7612251480618061,-0.4229802784808525,2.5615149929166487,-0.5678777266038927,2.6430464303965464,-0.8278330065414679,-0.14063686362628275,-0.33571690674489313,1
-1.6160257860680465,0.6833491687210446,-0.04033634603407773,-0.04976007803879995,-0.4819567255698159,-0.08404407470118594,0.4782833994144926,0.41903165839269957,0.6399309189529465,2.334522436656927,-1.2542772891351113,1.092401946645584,-1.2522530901274536,-0.6714517605943783,0.4758335006280782,1.2419858988656245,-0.4516979583644778,0.56365465821278,-0.1976176387539221,-0.5664451960945424,0.49647971444687333,0.6720095746181736,-0.6366065775831542,-0.3015164905132081,0.7844314569947352,-0.6594090764217306,-0.4805441992196931,-0.8278330065414679,-0.269922987989295,-0.7342378905353766,1
0.0495808831205237,-1.2733442649618592,1.235637585784673,-0.493519790954419,1.7640550896162104,-0.28746571845933977,-0.0630827733078905,0.35317529828180244,1.5689978416569281,0.5032457926966657,-1.2905702386788769,0.17536470034545132,-1.2522530901274536,-0.6714517605943783,0.4758335006280782,1.2419858988656245,-0.673354101408236,-0.38324449047074727,0.029601741146214344,0.3253970938867662,-0.9971753744891533,0.7461508360627366,-0.6183138018566823,-0.8976205151774761,3.725731505349682,-0.8750747790016652,-0.21780013680204346,1.23902890413859,-0.5377299598841061,-0.6637032031388308,1
-0.9361168593867557,-1.3381187251482665,0.9097240202746352,-0.41954536806181286,1.7686803198781262,0.38450133605188797,0.14163750697746905,-0.09895394324877864,1.4444733061524972,0.7486951439722163,0.7344393913364332,-0.5723914730869376,0.7032817484503348,0.2693527608594079,-0.332745506225853,0.15906082192276685,1.3708081066619768,-0.36198973965854686,0.13684928845907873,-0.07097725721603756,0.5832853208179057,-1.095750698256108,-0.9603322468528569,-0.8072450757901612,1.3472772945159777,-0.7998090247443693,-0.012014264858206143,1.2934197655118016,0.5427326508639247,0.02675301459846706,1
-0.3317414250608884,0.41079169988473296,0.09538656343859554,-0.844030055294149,-0.5052678860898684,-0.25303300324937544,0.2928807980513471,0.411010691456116,0.7850734513195864,2.048433110825916,1.213011182025675,0.5248733337224135,0.7032817484503348,0.2693527608594079,-0.332745506225853,0.15906082192276685,-0.853971020041781,0.4733219672609284,-0.026748665069019496,-0.6655387838702435,-0.43144228469174006,-1.1097067004103787,-0.9849560692635454,-0.6935682663828595,0.496577673954607,-0.5544893914251968,0.1771302837910851,0.025118388826257377,0.03482287658066239,0.33632192039441766,1
-0.808663048993852,0.6631597265850214,-0.3742861364471028,-0.7122016138716843,-0.34541992823807827,0.19841815172570312,0.33316522604765886,-0.04280717469269345,2.317380630316215,-0.9718857485542832,-0.9922411399327951,-0.5956818723241067,0.7846249626463753,-0.14957151661812682,0.8224138721988492,-0.043587004499911326,-0.9114374274975698,-0.02722741436639075,0.5167600916521069,0.22630350611106514,-0.4853216265772079,0.4151319099661296,-1.46761816099462,-0.15025150967826245,-0.6779734825405076,-0.9131293873827726,-0.6227706641469933,-0.8278330065414679,0.01826283879989454,0.02126698335651345,1
-0.5251616298685622,-1.0802827245361384,1.686559094230068,-1.7347909268859423,1.7015219764751162,0.2715164454811329,-0.8251887649340465,-2.3921061748025774,-0.12886572798575535,3.8498915764776376,0.1709136543131096,-1.4990041974856576,0.7846249626463753,-0.14957151661812682,0.8224138721988492,-0.043587004499911326,-0.26287976243831385,-0.313103812790486,0.05686806673423072,-0.2691644327674397,-0.5811071232624843,1.193615155134039,-0.5022569538676507,-0.8780458058005335,2.1498265259910214,1.1285351483561374,0.21039337535867947,0.6166517811465884,0.9490604702905349,-0.7260088436724467,1
-0.3706547897183792,0.6030120135547861,-0.28856640414857226,-0.3713288623735998,-0.6018426939586581,-0.3338644127138995,0.5070243363475517,0.43211849918396766,2.134536924948277,-0.611483931469958,-0.10845250998339491,-0.7456595981599742,0.7846249626463753,-0.14957151661812682,0.8224138721988492,-0.043587004499911326,-0.2957259190426866,-0.6659326762730124,-0.22851947442034065,-0.7646323716459444,0.44559366933282085,0.7836575918523389,-0.1856922784352126,-0.2253046904524499,0.1038989172745612,-0.9131067557778935,-0.15821598629853964,1.426534910289517,-0.41767855868988046,-0.7550064373799151,1
1.6296928119105931,0.4187833540635754,-0.11176945628285315,-0.7604181195599015,-0.7759363610171467,0.6646029271570535,0.5414192280870979,-0.18254086185107116,1.7761662707851797,0.09489770026395024,1.144923712388134,0.19794419633873028,-0.7191252673561063,-0.6714517605943783,0.8994136447460426,-0.2621988033911937,0.23789072161821226,0.5253961067508194,-0.2812343705571723,0.1272099183353641,-2.071768915427097,-1.4029281206725026,1.126830577792507,-0.3504037751920677,-0.3763980078588272,-0.7381122232816317,-0.780937265169422,1.494248667478036,0.01826283879989454,0.8202682478096065,1
0.047502637125924514,1.015213123831924,-1.093974722203515,-0.911550528145655,-0.5544803360766466,-0.25303300324937544,0.2928807980513471,0.411010691456116,1.1936407085781708,1.2431093419773074,0.07734210776806377,0.24714103747547395,-0.7191252673561063,-0.6714517605943783,0.8994136447460426,-0.2621988033911937,1.8633937323994416,-0.19513994578277383,-0.0667392759314435,-0.5664451960945424,0.5383858692466819,-1.0879004470443305,-0.9119824259033642,0.07734485040163715,0.573966807847232,-0.7286361091848323,0.5667249770898402,-0.8278330065414679,-0.2422188184829353,0.6427559511949664,1
1.391160336289125,-1.2678762910500194,0.9088311063965255,-0.39705783809798284,1.8276982580201633,-0.3263755006587775,0.45590316163875644,0.39707953835573406,1.3085062658756577,1.0166987281302917,0.2195641161398453,-0.34197678500012774,0.1305815512052379,-0.3519332438742241,0.2448341829864981,-0.009736057142963517,-0.9114374274975698,-0.2939745370595056,0.31680703733998683,0.22630350611106514,0.17320366313406638,0.6505086087992503,-0.21695567807028432,-0.8857109658661149,3.1139507510176916,-0.8441869905733433,1.4226454744698411,-0.8278330065414679,0.01826283879989454,-0.5265524220899919,1
0.4911006614903192,-1.2573609566041741,1.2829620213244868,-0.6189232238157895,1.7742305961924247,0.5204413700959535,-0.010783691347768826,-0.16016658565954842,0.593537739978992,-1.8095690177263635,-0.3826460071606048,-0.3330614132005285,-0.7191252673561063,-0.6714517605943783,0.8994136447460426,-0.2621988033911937,1.8633937323994416,-0.5713490351587207,0.16411561404709513,-0.8637259594216455,0.2390561921051935,0.5211103013251221,0.2930545607411495,-0.8753657989157867,1.3154435733904415,-0.6962024080539966,-0.5771041018008554,1.560430839298176,0.01826283879989454,-0.46072004718654924,1
0.060545422333407664,0.03258913410064177,-0.022382747762066755,-0.028236904245369693,-0.01502084303322886,-0.11725577164129189,-0.2828802664105821,0.33206749055395085,0.3478838159260749,2.9101742284060226,-3.8734588652369637,-0.026273264470140216,0.3218480278283599,1.3415148947425912,0.3988337280808848,1.5840208768712334,-0.2957259190426866,0.02147535259113412,0.024803101637583782,0.016390787054371407,-0.6948524005762495,0.7400450851202429,-0.8612785169324014,0.013851733267033114,0.612559537060086,-0.21740121166012608,-0.1621688942155755,1.5614903439187708,0.33956874115061986,-0.14566511014864492,1
1.1047923709643885,-0.8216054971683426,-0.20373958572815148,-0.9404920081505893,-0.23478442037306713,-0.274115918708904,-0.07297719421925944,-2.287411448472433,1.235156049836939,1.1612787730964855,0.9450438483260801,-0.23349965517903545,-0.9158879071005828,-0.25252748311684275,0.4758335006280782,-0.3454525986265893,-0.07405335702537019,1.4170329033226257,-0.4757341597516891,-1.3591938983001504,0.45756685641848016,-1.0964775733683096,0.20545965508247777,-0.2781716778682512,0.7261350122416206,-0.6983128052089767,-0.8736057184725412,0.740160403954322,0.01826283879989454,0.4139100765306181,1
-0.35531876755133823,0.6963881834338927,-0.931464396387551,-0.7861470952842845,-0.5883370215938659,0.6646029271570535,0.5414192280870979,-0.18254086185107116,0.26964501803623314,3.064390119345502,-1.4983934652825903,0.37570785103551807,0.2932679795973189,-0.45133900463160537,0.6683329319960616,-0.47849078983961224,0.23789072161821226,-0.204704583648264,0.28590520167356825,-0.2691644327674397,-0.4823283298057936,0.541462804466767,-0.6667438407466181,-0.906993821342393,-0.562534754013474,-0.6492383461444098,-0.028186267636807406,1.7988591524233315,-0.17757575630142913,0.5690863888030187,1
0.05377320693721444,-1.2737648783396929,1.5222629406578843,-1.0691368867725086,1.690421423846521,0.38083828124231867,0.8768872132727616,-0.1293491863768849,2.787382856859902,-1.8983035114144187,-1.2854923862318302,-0.7369735745666031,0.2932679795973189,-0.45133900463160537,0.6683329319960616,-0.47849078983961224,-0.37782078683667103,-0.6064193739988514,-0.06310376585304132,7.460135413737237,-0.12313271723600668,0.2982503919241132,0.5345537557510776,-0.8961600368266807,-0.7639999649375733,-0.9218051260685576,-0.09324861773416804,1.4601404510131968,-0.3807396660147341,0.1529317331633987,1
0.3664417336418756,0.8688396683457567,-0.19123879143461578,0.4615490492083309,-0.5278390097680147,0.20639547108876674,-1.1366274421920903,0.7090529365733808,0.1318299863783095,-0.8995004264956266,-1.5649639001641633,1.0583933920342776,0.4482597796195044,0.9403416459717313,0.7068328182696584,0.126339256939309,-1.01816075562975,-0.6797482643009427,-0.40847722330124875,2.0099880860736823,0.43960707578999125,0.5183481758987564,1.1295240494081606,-0.48132103664287285,0.36826967333274757,-0.42267465536882676,0.8066148065256734,-0.8278330065414679,0.01826283879989454,-0.2663577974716232,1
-0.637494409059384,1.189347062255123,-0.8091351950865231,0.3007501863009301,-0.4214587137439646,0.20639547108876674,-1.1366274421920903,0.7090529365733808,0.2660349883615577,-1.1640308705666276,0.37788354886659103,-0.4182735422569027,0.5625799725436688,0.7060280670436183,0.8224138721988492,0.3777336685098986,-1.256227662745525,-0.6669954138136225,-0.5957059923389612,1.1181457960923737,-1.6257676964862788,1.3772238084761619,-0.8612908581540077,-0.190837670090949,0.22682837686265128,-0.4848723987011008,-0.17868171308313677,-0.8278330065414679,-0.020585462432057194,-0.610018468842571,1
0.5091240707193411,0.0053204036529360624,0.27575516681675344,-0.6124982152546952,-0.5894470768567255,-0.2691504444114861,0.22149961861929005,0.3709058567731979,0.9051176821384826,1.8118148535522551,-1.1493069119931558,-0.12448941142120624,0.47354212997773293,0.1699470001020274,0.4373336143544815,-0.827653086337416,-0.29570950006912783,-0.08036429139689172,-0.10672988679386752,-1.3591938983001504,-0.2608243687210916,0.6788422006728686,-0.6252835067590434,-0.5582404588423175,-0.12949808074062713,-0.5620818596389785,0.2826994641336897,-0.8278330065414679,-0.29762715749565477,-0.2777217193299556,1
0.7249749995376858,0.5950203593759436,-0.2769585237331463,0.47118656204997234,-0.6134982742186843,0.20639547108876674,-1.1366274421920903,0.7090529365733808,-0.8906249658860274,1.1158526420795694,-2.060391632586365,-0.710864198872147,-0.8268500645346465,-0.5542949711303221,0.28333406926009475,0.36488312853039023,1.0670570958242342,-0.4193775668514879,-0.18852886355791665,0.5235842694381678,-0.41647580083466545,1.0710640112168495,1.614549485076911,0.5464141302735005,0.34248586792822555,-0.517977649184408,-0.152966859813656,0.5968889451756664,-0.2883924343268682,-0.30711117241184965,1
-0.18020862659263115,0.546649820925055,2.4339280102078806,0.22680470488832988,-0.48066166109647934,-0.2712668760792389,-0.11773766977073183,0.49797485929486474,-0.0165357867692907,-0.6070577956272847,-0.16792237940997176,-0.017358400639995632,-0.8158577382919385,-0.8869492490934153,1.361412280029203,0.0713963306611304,0.13938508975221037,-0.40343650374233764,5.326539925378196,-1.5573810738515521,-0.7966244908043556,1.1081346419391311,2.6058303428832685,0.6351078474261523,-0.8422716925201714,0.1251020147954501,-0.39126435178467595,0.15120678147541558,0.01826283879989454,-0.16369064137220657,1
-0.44296341759942487,0.38008692330286453,-0.05730170971816189,-0.17195100661962323,-0.44661996636878387,-0.29568724147637565,0.4742785147599228,0.4578700246119466,-0.06693652844757245,3.727823409027053,-0.8129571296756954,-0.23817297410993996,-0.9345748617131866,0.20189885177404243,0.4758335006280782,-0.04697515162039857,-0.24646078887951672,0.04716421347631061,-0.27214559536116684,-1.3591938983001504,-0.6619261360906861,1.1978310307848088,-1.2359981138808234,-0.38868120641176135,-0.6245350748501525,1.9903279475575408,1.0471806809904267,-0.8278330065414679,0.2379867862939673,-0.47913743778453655,1
0.5370012325089613,-0.05608914951080081,0.08735033853560831,0.030639353414900455,-0.5104481439832137,0.018440058748799962,0.3567233710747549,0.4304298745657392,-0.16832893928064532,-0.30785948373591426,-0.44653002632849226,-0.1380267972373577,0.11189459659263358,-0.26672830608218295,1.091913076114026,-0.4598559806769237,-0.3942151319351297,-0.2110810088919241,-0.08673458136265552,-0.5664451960945424,0.44858696610423515,0.4891277963882521,-0.5259860377118564,0.5438142907069975,-0.39171892909246797,2.82071156097206,-0.13831735513737609,0.981262107600631,-0.41767855868988046,0.15567474878437562,1
-0.8815808179422803,0.7468617887739505,0.3150433774535799,-0.609285710974148,-0.6140533018501138,-0.32816632745456775,-0.3804109868227,0.43634006072953774,0.31457699452281906,-1.2597116444288312,-0.11563735514707049,-0.6808424424814014,1.4771415159369916,0.8054338278009996,0.013753470236517119,0.9158691075567156,-0.04944131566073327,0.7092497012763527,0.4622274404760741,-0.2691644327674397,0.834722249616756,1.6041542185055002,-0.45811240418062754,-0.001656234899462407,-0.11788857912636161,-0.6583480023314355,-0.6997084994424595,1.4973864899986302,-0.011350739263270597,-0.7824365935896828,1
0.8180660873647212,0.6850316222323798,-0.5251885818476408,-0.20089248662455345,-0.5493000781833013,-0.1039059718908576,-0.07344835711981676,-2.300498289263701,1.1603338871749151,-2.926776530857546,1.8516301394692996,-1.5708816205360345,1.4771415159369916,0.8054338278009996,0.013753470236517119,0.9158691075567156,-0.8621722973344,0.41593414006798735,-0.0921878464802588,-0.9628195471973463,-0.6828792134905903,1.4884357006430062,-0.9102145459082102,0.4133829596488979,-0.43833043687319984,-0.8547851100043433,-0.2237532440608446,1.0918529123053495,-0.32533132700201456,-0.8780502809494448,1
0.385360938558225,-0.2802760798962238,0.07574245812018231,-1.2234817996388134,-0.40610294927440654,-0.3142467191782001,-0.31868864685173326,0.40256756836497526,-0.06948288866453103,-0.502694171547395,-0.6515825575098526,-1.1898791353050944,0.7142740746930427,0.5214173684941966,0.6683329319960616,0.7333975446173029,-0.18899438142372738,0.2660881468419746,-0.3666688573996236,18.16224289351294,1.3256229201287972,0.32630777125509447,-0.25444830931131757,1.3174490655527582,0.2408895276157317,1.626627611793623,0.011437793066540228,0.3714907337792143,1.3276841202107847,-0.3486482661009266,1
-0.6272823382238549,0.49365253531799436,-0.0939111787206593,-0.6318021824179839,-0.58371179133195,-0.10789463157238939,-0.23788420940886457,-2.7799832496095784,0.9368558596950046,-2.486280714935937,1.281973053640609,-0.5458251788730932,0.15916159943627897,-0.19927439699681745,-0.10174618858427296,-0.23051504923743454,-0.41065052446748557,-0.4300049422575881,-0.044926215461030414,-0.9628195471973463,-0.6649194328621014,0.7566178376784395,-0.6041337382306298,0.0022746508671522224,-1.1122850133655384,-0.7694169555075349,-0.418884422862933,-0.8278330065414679,-0.5561994062216793,-0.40076556289948534,1
-0.4205685254162466,0.19796133070082297,0.41147807628942673,-0.00472713515112814,-0.6334792689501583,-0.22731021836439153,0.3145542914762808,0.3823040729462376,1.3683833354499624,0.8986754982201408,-0.777707141526658,0.6933414014870172,0.5416945526825241,0.9083897942997156,0.05225335651011381,0.543783401261733,0.13938508975221037,-0.45551064323222856,0.43677886992725884,0.1272099183353641,0.6700909271889371,1.3328844266318647,0.0018572663212009215,0.3271753250860238,0.9407561496213919,-0.8241031821357873,0.4297727808179206,-0.8278330065414679,0.01826283879989454,0.7567870291527153,1
0.03603645232813789,-0.18858236352845228,2.0999782197948553,-0.609285710974148,-0.47622144004504124,-0.0966612634897064,-0.7318985106268104,0.38314838525535205,1.5125481514463779,-0.6798454936716388,0.552374150693388,0.4497446522136396,-0.4772940900165258,-0.6714517605943783,1.091913076114026,-0.20432558771151924,-0.36960309057049334,0.05460337626058075,4.995708508243597,0.820865032765271,-0.7936311940329412,2.3589413350156385,-1.186824516389086,2.3233661817677076,-0.8187283172517359,3.119677672764557,-0.408570545810144,2.0568376663154493,0.01826283879989454,-0.024188704076816024,1
0.7037267258342862,0.16809778087462215,0.5632734355680745,1.4712883451003982,-0.5633607781795237,-0.2641849701140682,0.4554319987382326,0.43507359226586656,-0.1127495240809541,-0.41741164026295663,-0.2786448466682903,0.5000084831780345,0.8230981044958541,-0.16732254532480242,0.5143333869016748,0.505002852463721,-1.6667020017154472,-0.587290098267871,1.3347498592925982,-0.8637259594216455,0.6581177401032778,1.1998662810989726,-0.12681231014983727,-0.906993821342393,0.3640528368139857,-0.987589543551005,-0.48558939476610063,-0.8278330065414679,-0.05752435510720358,0.8300647321702381,1
-1.7782364691292432,0.15337631265043866,-0.5385822900192863,-0.2877169266393522,-0.47881156899171345,-0.1828651533416011,-0.08357835948146437,0.40425619298320364,-0.09281915191868323,-0.45669624307711965,-0.6369284231657575,-1.0108453030010556,0.9659983456510606,-0.16732254532480242,0.1678344104393047,-0.05968833428421125,-0.3203379604073235,-0.23446123478534453,-0.532084565966923,0.42449068166246723,0.22408970824811886,1.236050124184368,1.4345064883627483,3.080611890446955,0.7944643596243475,-0.987589543551005,-0.25271423089894396,-0.8278330065414679,0.17334372411246113,0.8300647321702381,1
-1.8597180448485189,1.1359291632702286,-0.004619790909690027,-1.10129087105799,-0.42719399926873924,-0.26467337742201125,-0.6760657069126094,0.5938043063793108,0.07049171431663599,-0.778597031635219,-0.5794601968199812,-0.5445039503362127,0.7868234278949167,-0.03241472715407066,-0.44800097972144065,0.34627884321564373,1.6170927100439303,2.4861468691763053,0.0005176605189968775,-0.5664451960945424,-0.56015404586258,-0.7312955169982276,3.192575212339513,-0.906993821342393,-0.3727469365259457,-0.35510625810946383,0.9195450556749133,1.347810932834947,0.01826283879989454,-0.7851796092106597,1
-1.3907152547915271,-0.13095833076521973,-0.46982792140483987,0.4969155377743554,-0.37317130980956975,-0.2864075026254634,0.24128846044202792,0.4696903969395435,0.22022199272817602,-1.0737292283026978,-0.8413067166778013,-0.1517673708331135,0.574671531410649,0.1699470001020274,0.3603338418072881,-2.719475395410734,1.6170927100439303,0.19594746916171332,-0.11581866198987298,-1.2601003105244493,0.005579043934833252,0.6693928242142477,2.6301487200591915,0.028111368309356885,-0.41224489003620846,-0.5317311366033654,-0.13889283148430856,-0.8278330065414679,1.0229382556408273,-0.3212181098911588,1
0.592397237813271,0.6518031653835085,-0.2474923657555264,1.1014741135973793,-0.7999875583791056,0.019742478236648587,0.022197711690172286,0.4215645953200418,1.1797700290841053,-2.965086960232652,1.3008411734179381,1.2959968637634978,-0.30911149850309033,-0.736065505086676,0.3603338418072881,1.7685222756981391,-0.4434966810718589,-0.38749544063318736,-0.2812343705571723,2.6045496127278884,0.8646552173309042,0.33895539820740217,0.6308955022234694,1.486522835452722,3.610013665997614,-0.854310281525052,-0.7271944789447323,-0.8278330065414679,0.2287520631251807,-0.620598671952053,1
-1.5248696169256382,0.29848792800310453,-0.2474923657555264,-0.9533709667527838,-0.6708511294664332,-0.2073669199567296,-1.3467660958336916,0.49290898544018014,0.3320577036915601,-1.2941677354146224,-0.3857116815632824,-0.8146423573051563,-0.4135385978088179,-0.8031643935979085,0.4758335006280782,1.2696252431683428,0.6237530192234976,-0.3524251017930567,-0.3248604914979985,-0.3682580205431407,0.4665467467327251,0.19750550137297174,0.3369553713014411,0.3499567271927101,-0.3949852800989509,-0.4879354993768586,-0.5356446626512235,-0.8278330065414679,-0.19604520263900233,-0.19543125070065215,1
-0.8663881230852122,0.44780567713410857,-0.3689286531784446,0.8345757849918969,-0.6860218847255151,0.012660572271477925,0.30748684796815534,0.4215645953200418,0.42904501879065393,-1.4853386839879097,-0.04667548353212455,0.18786100277585266,-0.6070035396804824,-0.9206762036360985,0.12925312905730715,0.9070782393522104,3.636626457775947,0.022721250042280164,-0.33213151165480287,2.7036432005035893,-1.4341967031157266,0.20215750209106195,-0.008919705446814993,2.3053643641319472,1.7384926052485465,-0.7025035691201548,0.7301239431501546,-0.8278330065414679,0.01826283879989454,-0.19543125070065215,1
-0.8023924791825621,1.0804081973961652,0.6606010482820309,-0.9855249510382611,-0.4390345887392425,-0.2073669199567296,-1.3467660958336916,0.49290898544018014,0.3195622735973708,-1.2695380895532364,0.10962123618665973,-0.042883611468089854,-0.03430334243538544,-0.19927439699681745,0.4758335006280782,1.2097527154490826,3.636626457775947,2.029169726713997,-0.001300094520204214,-0.46735160831884176,0.391714327447353,0.25071275958612854,-0.422767145499153,-0.006034087054943494,0.5061127032206447,-0.5104139056998961,-0.549078962420146,-0.8278330065414679,0.01826283879989454,-0.19543125070065215,1
0.5852308723146535,0.21478586581417553,-0.34392706459137323,-0.15907204801742877,-0.4871369834631603,-0.2073669199567296,-1.3467660958336916,0.49290898544018014,0.07302733039765806,-0.783594964931253,0.17992104817665822,-1.6462137438091378,-0.18269974671194633,-0.8031643935979085,-0.44800097972144065,0.5903017455105891,3.1850882659354744,-0.0017217133917502843,-0.5393555861237274,-0.8637259594216455,-0.6738993231763464,0.4226914111330261,-0.09885327259994887,1.023861118832876,-0.45915813924941,-0.47082295952603165,-0.5582949646945639,-0.8278330065414679,-0.7593633159349842,-0.19543125070065215,1
-0.15064736891083605,0.09364921299803704,-0.1894529636783964,-0.9501584624722366,-0.38001665059720474,0.21950106718523024,0.1128965700444434,0.36710645138218445,-0.21598992629511088,-0.21391527991724785,-0.6824183959175676,-0.20195449841070504,2.0256585954481303,2.3994762056604344,0.4758335006280782,-1.1102276085708864,1.0424450544595973,0.04503873839509057,-0.6266078280053797,1.1181457960923737,0.6042383982178101,-0.08742954261005352,-0.459460682641155,-0.906993821342393,-0.12646557934430808,-0.987589543551005,-0.705130827546323,-0.8278330065414679,0.11793538509974176,-0.19543125070065215,1
0.038293857460202085,0.26820376479906993,-0.16891594448187347,0.7606013620992907,-0.6466149228939974,-0.015260045499249043,-0.04871230484136093,0.5127503247043607,-0.16852233372750294,-0.3074782854336745,-0.37498708863568925,0.36019014632239355,-0.9180863723491247,-0.736065505086676,0.4758335006280782,-0.3738550391276149,0.13938508975221037,-0.5022710950190694,-0.7920235365726791,1.7127073227465794,-1.164799993688387,1.0168391278466107,-0.36714834502333754,1.0468794399973882,-0.06593624799091871,1.7902628195332384,-0.43529108589950655,2.190873108493901,-0.19604520263900233,-0.050443282163308206,1
-1.317331672085689,0.5113182971870145,-0.24034905473064888,1.8346486265623168,-0.5278390097680147,0.040581190042204895,-0.1577865163167649,-2.3321600008554784,-0.8491096246272594,1.0340220731987475,-0.2912868029680045,0.2743428014700325,-0.05738722754507255,-1.1052869021855205,-1.217184754109366,0.5051402097794166,0.14759457653160835,-0.15369318169898305,0.3422556078888021,-0.7646323716459444,0.42164729516150123,0.8182568471931347,1.5712009441835175,-0.906993821342393,-0.2739190738563601,0.19274439999384096,-0.027792373632353682,2.0904588104857504,0.10870066193095516,-0.7910574998270384,1
-1.5235080074809009,0.4414964764666014,-0.34214123683515385,0.8281507764308026,-0.6088730439567692,0.13207615906348005,-0.1516613986097206,0.49290898544018014,-0.3645490938895687,0.07890854925333377,-0.20326718223124526,1.1937418517233458,-1.0653835440014143,-0.5862468228023372,-1.7942760726713125,0.9121451981089703,0.2953735480475598,-0.11118368007458229,-0.20125314883232429,1.3163329716437753,0.32586179847622593,-0.1841039325328662,0.6089713220392377,0.2927607045917546,-0.22900486163326916,3.227912887875885,0.4149584552461601,-0.6149983232247426,0.06252704608702217,-0.2181590944173168,1
0.7523146839149097,-0.23148492806750134,-0.26088607392717184,-0.8601215181768906,-0.5548503544975998,-0.15608415262274078,-1.0697223103151938,0.4536484630663765,-0.5931090976674599,0.529421409450469,-0.5880777970309573,-0.09109042014871295,-0.7663922701997512,0.4042605790301397,-1.7560203717229177,0.7167925713421246,0.05729022195822594,0.25652350897648446,0.2113772450663235,-0.7646323716459444,-0.9582625164607596,0.44406153943175336,1.607129325585907,1.112503331842522,0.6513559417398569,-0.025377702161822016,-0.4776500560380329,-0.8278330065414679,-0.19604520263900233,-0.19268823507967545,1
-1.4523101662521405,0.31825675676129384,0.2677189419137662,1.4069803765294393,-0.40702799532678907,-0.5326461870465979,0.03963073901019053,0.5938043063793108,-0.06850517229430643,-0.5046213407420521,1.3081208332538499,-0.48014472911592826,-0.7663922701997512,0.4042605790301397,-1.7560203717229177,0.7167925713421246,-0.16436592108553227,-0.4831418192880891,0.49676478622089487,0.7217714449895699,1.4393681974425625,-0.6437797534891554,3.8240971190901214,-0.5094440901724158,-0.35004089373261305,0.8715724247729877,-0.23359780059768856,1.200177851800676,0.12717010826852834,-0.022621266579114962,1
-0.2934372014707805,0.29722608786960314,0.02484636706792983,0.3650870963518907,-0.48732199267363735,-0.14021091511460096,0.40572431273107573,0.3666842952276278,-0.5991687903356651,0.541365622920651,-0.006358177899620956,-0.06876465489521322,-1.2412607638847453,-0.8031643935979085,-1.1024176512641835,-1.20019665035139,0.7879263358379082,-0.02510193928517071,-0.09945886663706316,-0.07097725721603756,0.43062718547574624,0.5860929363559447,-0.5559196707188104,-0.5254524735428011,-1.2274144569242906,0.09125122702064356,-0.04638919907666994,0.9670733734727963,-0.19604520263900233,-0.19268823507967545,1
-0.14294352599982288,0.6311931098696516,-0.3573207727630186,0.5451609849425785,-0.25254530457882124,-0.07842739065984444,-1.0485199797908176,-2.551681201225135,0.1393508815338834,-0.9143248049160655,-0.46816884152816257,-0.27764194631339434,0.24160404625658968,0.3368066699447742,0.7068328182696584,1.3722464199167923,-0.2300418153207196,-0.18982625807972373,-0.33758477677240617,0.028116330559663043,-1.1947329614025357,0.1488048688554652,-0.2222809151935578,0.2481169134344484,0.32568641367548373,0.07453909248690908,4.360636601476873,1.619766463500741,0.10870066193095516,-0.8137853435437031,1
0.4248117806281115,0.8532769733659055,-0.9368218796562091,0.6577144006817562,-0.194452412489166,-0.07842739065984444,-1.0485199797908176,-2.551681201225135,-0.26159878334569836,-0.12401601363901507,1.3537056206779081,0.03303191471720486,-1.2247722745206833,-1.5753341423382805,1.2844125074820096,-0.36927646193777103,-0.9032197312313922,-0.32691940081841625,0.06959235200863836,-0.1700708449917386,0.08939135353444928,-1.1866100872813077,-0.8424396421498346,2.408200223229726,1.4756833611033902,-0.987589543551005,-0.7263871359143271,-0.8278330065414679,-0.8240063781164902,-0.7910574998270384,1
-0.7867339705680837,0.2707274450660728,-0.6591256635640947,0.2750501520565488,-0.5100781255622605,0.3702561229035578,1.5023559637418478,0.5182383547136018,-0.18463853763230417,-0.2757117602470195,0.8961089424826004,-0.4981514841292071,-1.2247722745206833,-1.5753341423382805,1.2844125074820096,-0.36927646193777103,-0.8703899936005777,-0.53309048369676,-0.4830051799084935,0.3253970938867662,1.2777301717861589,-1.1787598360695302,1.0959096470570202,-0.004100666312722415,-0.005859528786233664,-0.987589543551005,0.05163733011682014,-0.8278330065414679,0.10870066193095516,-0.2620473443529454,1
0.024964417632774284,0.5104770704313469,0.027525108702258907,-0.44206183950565286,-0.45143020584117516,-0.09885909637544942,-0.277697474504619,0.5342802885867695,-0.8896472495158028,1.1139254728849122,-0.29923016550966414,0.30482147638016166,0.24160404625658968,0.3368066699447742,0.7068328182696584,1.3722464199167923,-0.64873385055682,-0.697814802491313,-0.33940253181160723,-0.6655387838702435,-0.9732290003178342,-0.12333717315281287,-0.2683136717864001,2.9822179277868277,-0.2940075097230195,-0.4150769644769962,1.1554177249802182,0.36682866868865144,0.10870066193095516,-0.8137853435437031,1
0.29979453450473725,0.28082216613408434,-0.3492845478600314,-0.5224612709593532,-0.40110770059153744,-0.185795597189258,-0.9024594806229026,-2.530446746650916,0.14149970872119025,-0.9185603416076193,0.08328382722892284,0.08702957511655866,0.3867027526603385,-0.16732254532480242,0.8994136447460426,0.9275444793908295,-0.9360658878357655,0.019533037420450105,-0.652056398554195,-0.46735160831884176,-0.2847707428924112,0.7526927120725507,-0.5975589524196815,-0.906993821342393,1.1139180141798481,0.6242729612500609,-0.5926196145720335,1.619766463500741,-0.29762715749565477,-0.16643365699318327,1
0.3043451765963593,0.4154184470409049,-0.8591383722606659,-1.307093735373061,-0.5822317176481373,-0.09885909637544942,-0.277697474504619,0.5342802885867695,-0.1510308804228253,-0.3419555541029237,-0.37852683639961876,-0.1539008425189614,0.8428842917327286,2.0089535741135793,-1.0136969831072695,1.407516726202601,-0.3531841170116963,-0.2929117995188956,-0.16126253796990028,-0.46735160831884176,-0.26681096226392126,0.6371195692324971,-0.5674617982264393,0.47989048344316365,-1.031418309463702,-0.987589543551005,-0.3764388519149168,0.47408155961609977,-0.3899743891835207,-0.21502421942191488,1
-1.5245829623056935,0.6774605814313711,-0.7421666542282961,-1.0401954067675785,-0.28103672299221905,-0.17358541449068887,-0.6237666249524877,0.4608251176938455,0.5989098079472591,-1.8201578594552486,-1.1463360522627262,1.1393385777189562,0.36581733279919276,0.3190556412380986,-0.14024607485786966,1.4518373534003266,-0.9114374274975698,-0.041043002394321,-0.49209395510449894,-0.3682580205431407,0.21211652116245958,0.4812775451764746,0.6924380890704819,0.9311111145219436,-0.26715252223323066,-0.04292198339803576,-0.0751350806782948,1.619766463500741,-0.897884163466783,-0.2620473443529454,1
-1.1468080050460965,-0.014448425105253205,-0.771632812205916,1.6288457622472459,-0.4937973150403183,0.04180220831206181,2.1996770565435146,0.5490557539962654,-0.16138822746564424,-0.3215402672496332,-1.2924876020509979,-0.4642191249352496,0.36911503067200535,-0.13182048791145198,0.05225335651011381,1.7780151924051022,-0.21361463227514338,-0.008098138635410401,-0.39393518298764,-0.46735160831884176,-0.9612558132321749,0.03948285198034479,1.065979099355468,1.215437720605182,-0.14263892012467547,0.6041578167442108,0.8352070415298162,-0.8278330065414679,-0.31609660383322796,-0.41722365662534605,1
-1.2363517419513164,0.3981732985497185,-0.7109146684944568,0.30720413634203025,-0.7226537083998836,-0.02820283915973201,-1.0091778775955869,0.5376575378232257,-0.47755591567003497,0.3016554238621555,0.2767478984688776,0.2926551001068883,-0.976345701435478,-1.7265729069191533,1.6308300888359788,-0.6647930956945238,-0.3531841170116963,0.06629348920729096,-0.4102949783404498,0.22630350611106514,-0.9073764713467066,1.0232356288339854,0.9786896389315612,-0.7602146274321838,-1.452392868973579,1.5815128131365646,-0.6542458680347977,0.06648220797010329,-0.787067485441344,-0.2730194068368524,1
1.4535077161270935,1.2036479171014727,-0.9573588988527321,0.10140127202695944,-0.4701161360993126,-0.023074562426332115,-0.9717204270025187,0.5596096578601911,-0.7116813818630507,0.7631383240904154,-0.3553499165168075,-0.6407895593963079,-0.7696899680725638,-0.33418221516754926,2.476525265120693,-1.6835570442836485,-0.2710892492177118,-0.21426922151375416,0.10958296287106237,0.1272099183353641,-0.6858725102620057,0.8663759796208809,1.7923062704884394,3.3612221367157495,-1.0941880709531777,-0.18001510606929505,0.3047240054891035,-0.8278330065414679,-0.15910630996385594,-0.2730194068368524,1
-1.081414919871216,0.13823423104842134,-0.2564215045366233,0.42297005636175516,-0.3289541085056607,-0.02820283915973201,-1.0091778775955869,0.5376575378232257,-0.5493482319979562,0.4431647047269724,0.3341107751788254,-0.8708743213259851,-0.976345701435478,-1.7265729069191533,1.6308300888359788,-0.6647930956945238,-0.3531841170116963,0.18744556883683317,0.15684459389029076,0.3253970938867662,-0.5841004200338996,-0.8380007834694222,0.3082558604551531,1.9226285680767368,0.1303012926156457,-0.4054241497728712,1.4810507365344834,-0.005278960892064196,-0.2606882648205084,1.3210645283250815,1
0.13661639210122775,0.5929172924867745,-0.5555476537033703,0.1367677605929839,-0.12544397698139167,-0.023074562426332115,-0.9717204270025187,0.5596096578601911,-0.9902553384255085,1.3122333007834674,0.008864844477950287,-0.3235626384887401,0.17455085617607072,0.3013046125314237,0.4758335006280782,-0.7583181657591521,1.2887132388679925,-0.4544479056916186,0.10958296287106237,1.3163329716437753,0.014558934249077182,0.7285604583474576,0.29015437366358415,0.6148676149491538,-0.1588650656557249,-0.2494971796104577,-0.669113271522052,2.0393550752008056,0.10870066193095516,-0.2730194068368524,1
-0.19909199968148694,0.2707274450660728,-0.5430468594098347,0.2718087062959958,-0.4912071860936461,0.3143334861441136,1.3558243016733755,0.4439388715115646,-0.39932786191612973,0.14746071060613403,-0.4304431369371085,2.2838186368444595,0.2514971398750274,0.5888712775795621,-0.14024607485786966,0.647961294254739,-0.7308122993772457,-0.25996693575998503,-0.6938647644558201,-0.3682580205431407,1.0681993977871163,-1.525333889567251,-1.206619835846169,3.393628543494912,-0.45046798599428717,2.0786612775166877,-0.5782131508772252,2.0828259715384236,0.2287520631251807,-0.16643365699318327,1
-0.07776543178990077,0.252220456441385,-0.17427342775053162,0.1271013062713366,-0.559660593969991,-0.1435483650522106,-0.588664988862139,-2.5182464337842183,0.060424458944103476,-0.7587535422352891,0.7735135712661322,0.6278389950217328,0.8428842917327286,2.0089535741135793,-1.0136969831072695,1.407516726202601,0.41849943076497764,0.04822695101692063,-0.2539680449691559,0.820865032765271,-0.4464087685488147,-0.6093258731707994,-0.13412139864638145,0.561563066248861,0.0856661912175892,0.3110093330751661,-0.03561717580593485,1.1376634077863945,0.10870066193095516,-1.1072880149882185,1
0.034639011055907006,0.41079169988473296,-0.30731759558887584,0.15928423203682393,-0.2253489506387599,0.09178255615820344,-1.4779849636345532,0.6001366486976666,-0.30994739506010205,-0.02871643807905157,0.8845204825411948,-1.6039758301391236,0.24160404625658968,0.3368066699447742,0.7068328182696584,1.3722464199167923,-0.8539546010682223,-0.06442322828774143,0.05323255665582853,0.3253970938867662,2.2834778869815597,-1.3423067363148897,-0.35376429019091454,2.911144001887469,1.3826187597939723,-0.987589543551005,0.25319093669365444,-0.8278330065414679,0.10870066193095516,-0.13077445392048515,1
0.4799569631399696,0.4145772202852373,-0.38857275849685785,0.18822571204175412,-0.8338442438963249,0.3143334861441136,1.3558243016733755,0.4439388715115646,-0.2799605116612352,-0.08782335260968674,-0.7900646538096282,0.3993284304145426,-1.4193364490166178,-1.3569964892461754,1.6308300888359788,-1.3581117776292555,1.2887132388679925,-0.14200306875227284,-0.3684866124388247,-0.46735160831884176,-0.9881954841749089,0.6270886926841147,0.8868832913996167,2.407096243120953,-0.6682875825582354,-0.987589543551005,-0.21303150513110347,1.0412429802134853,0.10870066193095516,-0.8137853435437031,1
0.2561155367906664,0.6093212142222932,-0.5001869932605695,1.005012160740939,-0.35078519534190056,0.5857251469243002,-0.19595071126063568,0.5321695078139844,-0.4069454542951324,0.16247568817769312,0.2768427131411256,0.849974035074385,0.29436721222158907,0.5214173684941966,-0.024746416037079576,0.934931250590436,0.040871248399428815,0.5806584588625403,0.016877455871806703,0.1272099183353641,-0.5032814072056979,0.630432318200242,-1.0353298505565303,-0.906993821342393,-0.6792860577717502,-0.987589543551005,-0.24916918485886025,1.5536151926239101,0.09946593876216857,-0.2898693599371384,1
0.4102282268384261,0.655168072406179,-0.5850138116809902,-0.2619879509149651,-0.5848218465948103,-0.033412517111120726,-0.6510940731839083,0.49924132775853586,-0.5437827695828314,0.43219466469584766,0.28641899503816226,-0.5508787129365826,0.24160404625658968,0.3368066699447742,0.7068328182696584,1.3722464199167923,-0.46813335089683367,0.02697220020472024,-0.17035131316590574,0.3253970938867662,-1.0211217486604725,0.4247266614471905,-0.5384074772589598,-0.906993821342393,-0.5504122919640101,0.19922443778317853,0.3994597039219799,1.1643991486975327,0.10870066193095516,-0.8137853435437031,1
0.752099692949951,-1.1723970542817437,-1.5234662975742772,1.0918366007557339,-2.734443863122523,-0.2682550310135917,0.0005242182652385989,0.4903760485128379,-0.8311346852054375,0.9985918087738986,-0.10873695400013893,0.0762349703403408,-1.669961487350365,-0.9039902366518237,0.7838325908168517,-0.5757855551238901,0.3774684158415442,-0.5596589222120105,-0.8465561877487118,0.1272099183353641,-1.0241150454318872,0.8170938470136118,1.1836248796263569,-0.5359149803667597,-0.481713311326508,0.38772002825936086,-0.44665814053867187,-0.8278330065414679,0.09946593876216857,-0.229131156901224,1
0.04359696792917842,0.6093212142222932,-0.5555476537033703,1.069320129311898,-0.5026777571431962,-0.4594664920731764,0.008298406124166557,-2.772637732520286,-0.9474721891262295,1.2279037652546287,-0.7685206532821939,-0.014535683389093125,-0.0705780190363224,-0.09986863623943616,0.20633429671290138,-0.9896431473142472,-0.70618383903905,-0.42681672963575806,-0.014024379794611855,-0.3682580205431407,-0.4464087685488147,0.4693567933363688,-0.6682247873394174,-0.35739042415631384,-0.2947241456251348,0.06227798532046284,-0.48905901429469334,1.0078665959901885,0.10870066193095516,-0.4062515941414388,1
1.0909612855520576,0.10332332068821477,-0.00551270478779972,0.837788289272444,-0.313968362457055,-0.2136348137419947,-0.38842075613190663,0.4654688353939728,0.032006219391970625,-0.702738569489488,-0.5753410260589951,-1.2260719585471507,-1.669961487350365,-0.9039902366518237,0.7838325908168517,-0.5757855551238901,-0.3285556566735012,0.0248467251235002,-0.0921878464802588,0.7217714449895699,0.47253334027555477,0.18107812383721572,0.9510514731434456,1.1123362792743383,3.495729098449776,-0.16996014515539457,5.301478970072401,-0.7481318249984834,-0.6485466379095451,0.11061092072547134,1
